A	1	3:02.97	113.64 s   (62.2% of 182.60 s wall)	OUTPUT_OK
A	2	3:03.00	113.57 s   (62.2% of 182.63 s wall)	OUTPUT_OK
A	3	3:02.90	113.50 s   (62.2% of 182.53 s wall)	OUTPUT_OK
B	1	2:53.60	105.71 s   (61.0% of 173.25 s wall)	OUTPUT_OK
B	2	2:51.67	104.97 s   (61.3% of 171.33 s wall)	OUTPUT_OK
B	3	2:51.55	104.78 s   (61.2% of 171.22 s wall)	OUTPUT_OK
C	1	2:51.03	104.13 s   (61.0% of 170.70 s wall)	OUTPUT_OK
C	2	2:49.97	103.42 s   (61.0% of 169.63 s wall)	OUTPUT_OK
C	3	2:50.23	103.49 s   (60.9% of 169.90 s wall)	OUTPUT_OK
D	1	3:08.76	116.35 s   (61.8% of 188.41 s wall)	OUTPUT_OK
D	2	3:08.93	116.36 s   (61.7% of 188.57 s wall)	OUTPUT_OK
D	3	3:08.47	116.16 s   (61.8% of 188.10 s wall)	OUTPUT_OK
