iter	flag	run	tag	wall	rss_mb	minor_gc	major_gc	promoted_mib	off_set
34	stamp.papFast	standard	i34-std	7:45.03	12386.8	1864	8	21693	ECO_MONO_LSS_PAP_FAST=0
34	stamp.papFast	optimized	i34-opt	7:00.89	12446.6	1857	8	21809	ECO_MONO_LSS_PAP_FAST=0
33	stamp.flatPeel	standard	i33-std	7:42.14	12354.4	1863	8	21667	ECO_MONO_LSS_PAP_FAST=0 ECO_MONO_LSS_FLAT_PEEL=0
33	stamp.flatPeel	optimized	i33-opt	7:13.13	12411.2	1856	8	21774	ECO_MONO_LSS_PAP_FAST=0 ECO_MONO_LSS_FLAT_PEEL=0
32	instanceQual	standard	i32-std	7:40.82	12362.9	1863	8	21668	ECO_MONO_LSS_PAP_FAST=0 ECO_MONO_LSS_FLAT_PEEL=0 ECO_MONO_LSS_INSTANCE_QUAL=0
32	instanceQual	optimized	i32-opt	7:09.64	12403.1	1856	8	21770	ECO_MONO_LSS_PAP_FAST=0 ECO_MONO_LSS_FLAT_PEEL=0 ECO_MONO_LSS_INSTANCE_QUAL=0
31	stageAnchor.demandFill	standard	i31-std	7:40.00	12363.2	1863	8	21668	ECO_MONO_LSS_PAP_FAST=0 ECO_MONO_LSS_FLAT_PEEL=0 ECO_MONO_LSS_INSTANCE_QUAL=0 ECO_MONO_LSS_STAGE_ANCHOR_DEMAND_FILL=0
31	stageAnchor.demandFill	optimized	i31-opt	7:04.32	12407.9	1856	8	21770	ECO_MONO_LSS_PAP_FAST=0 ECO_MONO_LSS_FLAT_PEEL=0 ECO_MONO_LSS_INSTANCE_QUAL=0 ECO_MONO_LSS_STAGE_ANCHOR_DEMAND_FILL=0
29	flowConnect	standard	i29-std	7:25.35	12387.6	1814	8	21695	ECO_MONO_LSS_PAP_FAST=0 ECO_MONO_LSS_FLAT_PEEL=0 ECO_MONO_LSS_INSTANCE_QUAL=0 ECO_MONO_LSS_STAGE_ANCHOR_DEMAND_FILL=0 ECO_MONO_LSS_STAGE_ANCHOR_ROW_FILL=0 ECO_MONO_LSS_FLOW_CONNECT=0
29	flowConnect	optimized	i29-opt	6:52.56	12309.9	1806	8	21698	ECO_MONO_LSS_PAP_FAST=0 ECO_MONO_LSS_FLAT_PEEL=0 ECO_MONO_LSS_INSTANCE_QUAL=0 ECO_MONO_LSS_STAGE_ANCHOR_DEMAND_FILL=0 ECO_MONO_LSS_STAGE_ANCHOR_ROW_FILL=0 ECO_MONO_LSS_FLOW_CONNECT=0
28	settle.varLambda	standard	i28-std	7:27.64	12369.1	1810	8	21681	ECO_MONO_LSS_PAP_FAST=0 ECO_MONO_LSS_FLAT_PEEL=0 ECO_MONO_LSS_INSTANCE_QUAL=0 ECO_MONO_LSS_STAGE_ANCHOR_DEMAND_FILL=0 ECO_MONO_LSS_STAGE_ANCHOR_ROW_FILL=0 ECO_MONO_LSS_FLOW_CONNECT=0 ECO_MONO_LSS_VAR_LAMBDA=0
28	settle.varLambda	optimized	i28-opt	6:55.77	12291.6	1802	8	21673	ECO_MONO_LSS_PAP_FAST=0 ECO_MONO_LSS_FLAT_PEEL=0 ECO_MONO_LSS_INSTANCE_QUAL=0 ECO_MONO_LSS_STAGE_ANCHOR_DEMAND_FILL=0 ECO_MONO_LSS_STAGE_ANCHOR_ROW_FILL=0 ECO_MONO_LSS_FLOW_CONNECT=0 ECO_MONO_LSS_VAR_LAMBDA=0
27	settle.varCtorRows	standard	i27-std	7:17.93	12360.5	1808	8	21671	ECO_MONO_LSS_PAP_FAST=0 ECO_MONO_LSS_FLAT_PEEL=0 ECO_MONO_LSS_INSTANCE_QUAL=0 ECO_MONO_LSS_STAGE_ANCHOR_DEMAND_FILL=0 ECO_MONO_LSS_STAGE_ANCHOR_ROW_FILL=0 ECO_MONO_LSS_FLOW_CONNECT=0 ECO_MONO_LSS_VAR_LAMBDA=0 ECO_MONO_LSS_VAR_CTOR_ROWS=0
27	settle.varCtorRows	optimized	i27-opt	6:53.06	12275.9	1800	8	21671	ECO_MONO_LSS_PAP_FAST=0 ECO_MONO_LSS_FLAT_PEEL=0 ECO_MONO_LSS_INSTANCE_QUAL=0 ECO_MONO_LSS_STAGE_ANCHOR_DEMAND_FILL=0 ECO_MONO_LSS_STAGE_ANCHOR_ROW_FILL=0 ECO_MONO_LSS_FLOW_CONNECT=0 ECO_MONO_LSS_VAR_LAMBDA=0 ECO_MONO_LSS_VAR_CTOR_ROWS=0
26	settle.varSucc	standard	i26-std	7:21.48	12341.4	1798	8	21663	ECO_MONO_LSS_PAP_FAST=0 ECO_MONO_LSS_FLAT_PEEL=0 ECO_MONO_LSS_INSTANCE_QUAL=0 ECO_MONO_LSS_STAGE_ANCHOR_DEMAND_FILL=0 ECO_MONO_LSS_STAGE_ANCHOR_ROW_FILL=0 ECO_MONO_LSS_FLOW_CONNECT=0 ECO_MONO_LSS_VAR_LAMBDA=0 ECO_MONO_LSS_VAR_CTOR_ROWS=0 ECO_MONO_LSS_VAR_SUCC=0
26	settle.varSucc	optimized	i26-opt	6:47.77	12261.3	1790	8	21657	ECO_MONO_LSS_PAP_FAST=0 ECO_MONO_LSS_FLAT_PEEL=0 ECO_MONO_LSS_INSTANCE_QUAL=0 ECO_MONO_LSS_STAGE_ANCHOR_DEMAND_FILL=0 ECO_MONO_LSS_STAGE_ANCHOR_ROW_FILL=0 ECO_MONO_LSS_FLOW_CONNECT=0 ECO_MONO_LSS_VAR_LAMBDA=0 ECO_MONO_LSS_VAR_CTOR_ROWS=0 ECO_MONO_LSS_VAR_SUCC=0
25	destrAnno	standard	i25-std	7:13.07	12336.3	1797	8	21648	ECO_MONO_LSS_PAP_FAST=0 ECO_MONO_LSS_FLAT_PEEL=0 ECO_MONO_LSS_INSTANCE_QUAL=0 ECO_MONO_LSS_STAGE_ANCHOR_DEMAND_FILL=0 ECO_MONO_LSS_STAGE_ANCHOR_ROW_FILL=0 ECO_MONO_LSS_FLOW_CONNECT=0 ECO_MONO_LSS_VAR_LAMBDA=0 ECO_MONO_LSS_VAR_CTOR_ROWS=0 ECO_MONO_LSS_VAR_SUCC=0 ECO_MONO_LSS_DESTR_ANNO=0
25	destrAnno	optimized	i25-opt	6:57.35	12293.4	1789	8	21675	ECO_MONO_LSS_PAP_FAST=0 ECO_MONO_LSS_FLAT_PEEL=0 ECO_MONO_LSS_INSTANCE_QUAL=0 ECO_MONO_LSS_STAGE_ANCHOR_DEMAND_FILL=0 ECO_MONO_LSS_STAGE_ANCHOR_ROW_FILL=0 ECO_MONO_LSS_FLOW_CONNECT=0 ECO_MONO_LSS_VAR_LAMBDA=0 ECO_MONO_LSS_VAR_CTOR_ROWS=0 ECO_MONO_LSS_VAR_SUCC=0 ECO_MONO_LSS_DESTR_ANNO=0
24	rsTop	standard	i24-std	7:20.72	12339.6	1797	8	21652	ECO_MONO_LSS_PAP_FAST=0 ECO_MONO_LSS_FLAT_PEEL=0 ECO_MONO_LSS_INSTANCE_QUAL=0 ECO_MONO_LSS_STAGE_ANCHOR_DEMAND_FILL=0 ECO_MONO_LSS_STAGE_ANCHOR_ROW_FILL=0 ECO_MONO_LSS_FLOW_CONNECT=0 ECO_MONO_LSS_VAR_LAMBDA=0 ECO_MONO_LSS_VAR_CTOR_ROWS=0 ECO_MONO_LSS_VAR_SUCC=0 ECO_MONO_LSS_DESTR_ANNO=0 ECO_MONO_LSS_RS_TOP=0
24	rsTop	optimized	i24-opt	6:56.54	12290.4	1789	8	21660	ECO_MONO_LSS_PAP_FAST=0 ECO_MONO_LSS_FLAT_PEEL=0 ECO_MONO_LSS_INSTANCE_QUAL=0 ECO_MONO_LSS_STAGE_ANCHOR_DEMAND_FILL=0 ECO_MONO_LSS_STAGE_ANCHOR_ROW_FILL=0 ECO_MONO_LSS_FLOW_CONNECT=0 ECO_MONO_LSS_VAR_LAMBDA=0 ECO_MONO_LSS_VAR_CTOR_ROWS=0 ECO_MONO_LSS_VAR_SUCC=0 ECO_MONO_LSS_DESTR_ANNO=0 ECO_MONO_LSS_RS_TOP=0
22	injTotal	standard	i22-std	7:15.12	12267.4	1794	8	21641	ECO_MONO_LSS_PAP_FAST=0 ECO_MONO_LSS_FLAT_PEEL=0 ECO_MONO_LSS_INSTANCE_QUAL=0 ECO_MONO_LSS_STAGE_ANCHOR_DEMAND_FILL=0 ECO_MONO_LSS_STAGE_ANCHOR_ROW_FILL=0 ECO_MONO_LSS_FLOW_CONNECT=0 ECO_MONO_LSS_VAR_LAMBDA=0 ECO_MONO_LSS_VAR_CTOR_ROWS=0 ECO_MONO_LSS_VAR_SUCC=0 ECO_MONO_LSS_DESTR_ANNO=0 ECO_MONO_LSS_RS_TOP=0 ECO_MONO_LSS_ARG_POINTS=0 ECO_MONO_LSS_INJ_TOTAL=0
22	injTotal	optimized	i22-opt	6:50.57	12235.2	1787	8	21669	ECO_MONO_LSS_PAP_FAST=0 ECO_MONO_LSS_FLAT_PEEL=0 ECO_MONO_LSS_INSTANCE_QUAL=0 ECO_MONO_LSS_STAGE_ANCHOR_DEMAND_FILL=0 ECO_MONO_LSS_STAGE_ANCHOR_ROW_FILL=0 ECO_MONO_LSS_FLOW_CONNECT=0 ECO_MONO_LSS_VAR_LAMBDA=0 ECO_MONO_LSS_VAR_CTOR_ROWS=0 ECO_MONO_LSS_VAR_SUCC=0 ECO_MONO_LSS_DESTR_ANNO=0 ECO_MONO_LSS_RS_TOP=0 ECO_MONO_LSS_ARG_POINTS=0 ECO_MONO_LSS_INJ_TOTAL=0
21	refPapSpine	standard	i21-std	7:23.18	12309.1	1793	8	21677	ECO_MONO_LSS_PAP_FAST=0 ECO_MONO_LSS_FLAT_PEEL=0 ECO_MONO_LSS_INSTANCE_QUAL=0 ECO_MONO_LSS_STAGE_ANCHOR_DEMAND_FILL=0 ECO_MONO_LSS_STAGE_ANCHOR_ROW_FILL=0 ECO_MONO_LSS_FLOW_CONNECT=0 ECO_MONO_LSS_VAR_LAMBDA=0 ECO_MONO_LSS_VAR_CTOR_ROWS=0 ECO_MONO_LSS_VAR_SUCC=0 ECO_MONO_LSS_DESTR_ANNO=0 ECO_MONO_LSS_RS_TOP=0 ECO_MONO_LSS_ARG_POINTS=0 ECO_MONO_LSS_INJ_TOTAL=0 ECO_MONO_LSS_REF_PAP_SPINE=0
21	refPapSpine	optimized	i21-opt	6:47.82	12251.2	1786	8	21687	ECO_MONO_LSS_PAP_FAST=0 ECO_MONO_LSS_FLAT_PEEL=0 ECO_MONO_LSS_INSTANCE_QUAL=0 ECO_MONO_LSS_STAGE_ANCHOR_DEMAND_FILL=0 ECO_MONO_LSS_STAGE_ANCHOR_ROW_FILL=0 ECO_MONO_LSS_FLOW_CONNECT=0 ECO_MONO_LSS_VAR_LAMBDA=0 ECO_MONO_LSS_VAR_CTOR_ROWS=0 ECO_MONO_LSS_VAR_SUCC=0 ECO_MONO_LSS_DESTR_ANNO=0 ECO_MONO_LSS_RS_TOP=0 ECO_MONO_LSS_ARG_POINTS=0 ECO_MONO_LSS_INJ_TOTAL=0 ECO_MONO_LSS_REF_PAP_SPINE=0
20	rootFold	standard	i20-std	7:10.81	12089.6	1785	8	21646	ECO_MONO_LSS_PAP_FAST=0 ECO_MONO_LSS_FLAT_PEEL=0 ECO_MONO_LSS_INSTANCE_QUAL=0 ECO_MONO_LSS_STAGE_ANCHOR_DEMAND_FILL=0 ECO_MONO_LSS_STAGE_ANCHOR_ROW_FILL=0 ECO_MONO_LSS_FLOW_CONNECT=0 ECO_MONO_LSS_VAR_LAMBDA=0 ECO_MONO_LSS_VAR_CTOR_ROWS=0 ECO_MONO_LSS_VAR_SUCC=0 ECO_MONO_LSS_DESTR_ANNO=0 ECO_MONO_LSS_RS_TOP=0 ECO_MONO_LSS_ARG_POINTS=0 ECO_MONO_LSS_INJ_TOTAL=0 ECO_MONO_LSS_REF_PAP_SPINE=0 ECO_MONO_LSS_ROOT_FOLD=0
20	rootFold	optimized	i20-opt	6:42.31	12037.8	1779	8	21666	ECO_MONO_LSS_PAP_FAST=0 ECO_MONO_LSS_FLAT_PEEL=0 ECO_MONO_LSS_INSTANCE_QUAL=0 ECO_MONO_LSS_STAGE_ANCHOR_DEMAND_FILL=0 ECO_MONO_LSS_STAGE_ANCHOR_ROW_FILL=0 ECO_MONO_LSS_FLOW_CONNECT=0 ECO_MONO_LSS_VAR_LAMBDA=0 ECO_MONO_LSS_VAR_CTOR_ROWS=0 ECO_MONO_LSS_VAR_SUCC=0 ECO_MONO_LSS_DESTR_ANNO=0 ECO_MONO_LSS_RS_TOP=0 ECO_MONO_LSS_ARG_POINTS=0 ECO_MONO_LSS_INJ_TOTAL=0 ECO_MONO_LSS_REF_PAP_SPINE=0 ECO_MONO_LSS_ROOT_FOLD=0
19	regIdentity	standard	i19-std	7:12.81	12048.8	1799	8	21644	ECO_MONO_LSS_PAP_FAST=0 ECO_MONO_LSS_FLAT_PEEL=0 ECO_MONO_LSS_INSTANCE_QUAL=0 ECO_MONO_LSS_STAGE_ANCHOR_DEMAND_FILL=0 ECO_MONO_LSS_STAGE_ANCHOR_ROW_FILL=0 ECO_MONO_LSS_FLOW_CONNECT=0 ECO_MONO_LSS_VAR_LAMBDA=0 ECO_MONO_LSS_VAR_CTOR_ROWS=0 ECO_MONO_LSS_VAR_SUCC=0 ECO_MONO_LSS_DESTR_ANNO=0 ECO_MONO_LSS_RS_TOP=0 ECO_MONO_LSS_ARG_POINTS=0 ECO_MONO_LSS_INJ_TOTAL=0 ECO_MONO_LSS_REF_PAP_SPINE=0 ECO_MONO_LSS_ROOT_FOLD=0 ECO_MONO_LSS_REG_IDENTITY=0
19	regIdentity	optimized	i19-opt	6:49.10	11995.1	1793	8	21668	ECO_MONO_LSS_PAP_FAST=0 ECO_MONO_LSS_FLAT_PEEL=0 ECO_MONO_LSS_INSTANCE_QUAL=0 ECO_MONO_LSS_STAGE_ANCHOR_DEMAND_FILL=0 ECO_MONO_LSS_STAGE_ANCHOR_ROW_FILL=0 ECO_MONO_LSS_FLOW_CONNECT=0 ECO_MONO_LSS_VAR_LAMBDA=0 ECO_MONO_LSS_VAR_CTOR_ROWS=0 ECO_MONO_LSS_VAR_SUCC=0 ECO_MONO_LSS_DESTR_ANNO=0 ECO_MONO_LSS_RS_TOP=0 ECO_MONO_LSS_ARG_POINTS=0 ECO_MONO_LSS_INJ_TOTAL=0 ECO_MONO_LSS_REF_PAP_SPINE=0 ECO_MONO_LSS_ROOT_FOLD=0 ECO_MONO_LSS_REG_IDENTITY=0
18	sigRootIdentity	standard	i18-std	7:08.60	12017.9	1792	8	21638	ECO_MONO_LSS_PAP_FAST=0 ECO_MONO_LSS_FLAT_PEEL=0 ECO_MONO_LSS_INSTANCE_QUAL=0 ECO_MONO_LSS_STAGE_ANCHOR_DEMAND_FILL=0 ECO_MONO_LSS_STAGE_ANCHOR_ROW_FILL=0 ECO_MONO_LSS_FLOW_CONNECT=0 ECO_MONO_LSS_VAR_LAMBDA=0 ECO_MONO_LSS_VAR_CTOR_ROWS=0 ECO_MONO_LSS_VAR_SUCC=0 ECO_MONO_LSS_DESTR_ANNO=0 ECO_MONO_LSS_RS_TOP=0 ECO_MONO_LSS_ARG_POINTS=0 ECO_MONO_LSS_INJ_TOTAL=0 ECO_MONO_LSS_REF_PAP_SPINE=0 ECO_MONO_LSS_ROOT_FOLD=0 ECO_MONO_LSS_REG_IDENTITY=0 ECO_MONO_LSS_SIG_ROOT_ID=0
18	sigRootIdentity	optimized	i18-opt	6:51.15	11958.1	1786	8	21636	ECO_MONO_LSS_PAP_FAST=0 ECO_MONO_LSS_FLAT_PEEL=0 ECO_MONO_LSS_INSTANCE_QUAL=0 ECO_MONO_LSS_STAGE_ANCHOR_DEMAND_FILL=0 ECO_MONO_LSS_STAGE_ANCHOR_ROW_FILL=0 ECO_MONO_LSS_FLOW_CONNECT=0 ECO_MONO_LSS_VAR_LAMBDA=0 ECO_MONO_LSS_VAR_CTOR_ROWS=0 ECO_MONO_LSS_VAR_SUCC=0 ECO_MONO_LSS_DESTR_ANNO=0 ECO_MONO_LSS_RS_TOP=0 ECO_MONO_LSS_ARG_POINTS=0 ECO_MONO_LSS_INJ_TOTAL=0 ECO_MONO_LSS_REF_PAP_SPINE=0 ECO_MONO_LSS_ROOT_FOLD=0 ECO_MONO_LSS_REG_IDENTITY=0 ECO_MONO_LSS_SIG_ROOT_ID=0
17	papMembers	standard	i17-std	7:09.70	11940.6	1768	8	21575	ECO_MONO_LSS_PAP_FAST=0 ECO_MONO_LSS_FLAT_PEEL=0 ECO_MONO_LSS_INSTANCE_QUAL=0 ECO_MONO_LSS_STAGE_ANCHOR_DEMAND_FILL=0 ECO_MONO_LSS_STAGE_ANCHOR_ROW_FILL=0 ECO_MONO_LSS_FLOW_CONNECT=0 ECO_MONO_LSS_VAR_LAMBDA=0 ECO_MONO_LSS_VAR_CTOR_ROWS=0 ECO_MONO_LSS_VAR_SUCC=0 ECO_MONO_LSS_DESTR_ANNO=0 ECO_MONO_LSS_RS_TOP=0 ECO_MONO_LSS_ARG_POINTS=0 ECO_MONO_LSS_INJ_TOTAL=0 ECO_MONO_LSS_REF_PAP_SPINE=0 ECO_MONO_LSS_ROOT_FOLD=0 ECO_MONO_LSS_REG_IDENTITY=0 ECO_MONO_LSS_SIG_ROOT_ID=0 ECO_MONO_LSS_PAP_MEMBERS=0
17	papMembers	optimized	i17-opt	6:44.86	11897.3	1762	8	21603	ECO_MONO_LSS_PAP_FAST=0 ECO_MONO_LSS_FLAT_PEEL=0 ECO_MONO_LSS_INSTANCE_QUAL=0 ECO_MONO_LSS_STAGE_ANCHOR_DEMAND_FILL=0 ECO_MONO_LSS_STAGE_ANCHOR_ROW_FILL=0 ECO_MONO_LSS_FLOW_CONNECT=0 ECO_MONO_LSS_VAR_LAMBDA=0 ECO_MONO_LSS_VAR_CTOR_ROWS=0 ECO_MONO_LSS_VAR_SUCC=0 ECO_MONO_LSS_DESTR_ANNO=0 ECO_MONO_LSS_RS_TOP=0 ECO_MONO_LSS_ARG_POINTS=0 ECO_MONO_LSS_INJ_TOTAL=0 ECO_MONO_LSS_REF_PAP_SPINE=0 ECO_MONO_LSS_ROOT_FOLD=0 ECO_MONO_LSS_REG_IDENTITY=0 ECO_MONO_LSS_SIG_ROOT_ID=0 ECO_MONO_LSS_PAP_MEMBERS=0
16	refIdentity	standard	i16-std	7:03.58	11872.2	1741	8	21512	ECO_MONO_LSS_PAP_FAST=0 ECO_MONO_LSS_FLAT_PEEL=0 ECO_MONO_LSS_INSTANCE_QUAL=0 ECO_MONO_LSS_STAGE_ANCHOR_DEMAND_FILL=0 ECO_MONO_LSS_STAGE_ANCHOR_ROW_FILL=0 ECO_MONO_LSS_FLOW_CONNECT=0 ECO_MONO_LSS_VAR_LAMBDA=0 ECO_MONO_LSS_VAR_CTOR_ROWS=0 ECO_MONO_LSS_VAR_SUCC=0 ECO_MONO_LSS_DESTR_ANNO=0 ECO_MONO_LSS_RS_TOP=0 ECO_MONO_LSS_ARG_POINTS=0 ECO_MONO_LSS_INJ_TOTAL=0 ECO_MONO_LSS_REF_PAP_SPINE=0 ECO_MONO_LSS_ROOT_FOLD=0 ECO_MONO_LSS_REG_IDENTITY=0 ECO_MONO_LSS_SIG_ROOT_ID=0 ECO_MONO_LSS_PAP_MEMBERS=0 ECO_MONO_LSS_REF_IDENTITY=0
16	refIdentity	optimized	i16-opt	6:30.71	11807.9	1735	8	21524	ECO_MONO_LSS_PAP_FAST=0 ECO_MONO_LSS_FLAT_PEEL=0 ECO_MONO_LSS_INSTANCE_QUAL=0 ECO_MONO_LSS_STAGE_ANCHOR_DEMAND_FILL=0 ECO_MONO_LSS_STAGE_ANCHOR_ROW_FILL=0 ECO_MONO_LSS_FLOW_CONNECT=0 ECO_MONO_LSS_VAR_LAMBDA=0 ECO_MONO_LSS_VAR_CTOR_ROWS=0 ECO_MONO_LSS_VAR_SUCC=0 ECO_MONO_LSS_DESTR_ANNO=0 ECO_MONO_LSS_RS_TOP=0 ECO_MONO_LSS_ARG_POINTS=0 ECO_MONO_LSS_INJ_TOTAL=0 ECO_MONO_LSS_REF_PAP_SPINE=0 ECO_MONO_LSS_ROOT_FOLD=0 ECO_MONO_LSS_REG_IDENTITY=0 ECO_MONO_LSS_SIG_ROOT_ID=0 ECO_MONO_LSS_PAP_MEMBERS=0 ECO_MONO_LSS_REF_IDENTITY=0
13	arrowIdentity	standard	i13-std	7:01.03	11847.1	1736	8	21505	ECO_MONO_LSS_PAP_FAST=0 ECO_MONO_LSS_FLAT_PEEL=0 ECO_MONO_LSS_INSTANCE_QUAL=0 ECO_MONO_LSS_STAGE_ANCHOR_DEMAND_FILL=0 ECO_MONO_LSS_STAGE_ANCHOR_ROW_FILL=0 ECO_MONO_LSS_FLOW_CONNECT=0 ECO_MONO_LSS_VAR_LAMBDA=0 ECO_MONO_LSS_VAR_CTOR_ROWS=0 ECO_MONO_LSS_VAR_SUCC=0 ECO_MONO_LSS_DESTR_ANNO=0 ECO_MONO_LSS_RS_TOP=0 ECO_MONO_LSS_ARG_POINTS=0 ECO_MONO_LSS_INJ_TOTAL=0 ECO_MONO_LSS_REF_PAP_SPINE=0 ECO_MONO_LSS_ROOT_FOLD=0 ECO_MONO_LSS_REG_IDENTITY=0 ECO_MONO_LSS_SIG_ROOT_ID=0 ECO_MONO_LSS_PAP_MEMBERS=0 ECO_MONO_LSS_REF_IDENTITY=0 ECO_MONO_LSS_QSOLVE=0 ECO_MONO_LSS_ARROW_ROOTS=0 ECO_MONO_LSS_ARROW_ID=0
13	arrowIdentity	optimized	i13-opt	6:34.37	11860.4	1731	8	21565	ECO_MONO_LSS_PAP_FAST=0 ECO_MONO_LSS_FLAT_PEEL=0 ECO_MONO_LSS_INSTANCE_QUAL=0 ECO_MONO_LSS_STAGE_ANCHOR_DEMAND_FILL=0 ECO_MONO_LSS_STAGE_ANCHOR_ROW_FILL=0 ECO_MONO_LSS_FLOW_CONNECT=0 ECO_MONO_LSS_VAR_LAMBDA=0 ECO_MONO_LSS_VAR_CTOR_ROWS=0 ECO_MONO_LSS_VAR_SUCC=0 ECO_MONO_LSS_DESTR_ANNO=0 ECO_MONO_LSS_RS_TOP=0 ECO_MONO_LSS_ARG_POINTS=0 ECO_MONO_LSS_INJ_TOTAL=0 ECO_MONO_LSS_REF_PAP_SPINE=0 ECO_MONO_LSS_ROOT_FOLD=0 ECO_MONO_LSS_REG_IDENTITY=0 ECO_MONO_LSS_SIG_ROOT_ID=0 ECO_MONO_LSS_PAP_MEMBERS=0 ECO_MONO_LSS_REF_IDENTITY=0 ECO_MONO_LSS_QSOLVE=0 ECO_MONO_LSS_ARROW_ROOTS=0 ECO_MONO_LSS_ARROW_ID=0
12	postSettleDevirt	standard	i12-std	7:01.47	11841.9	1736	8	21484	ECO_MONO_LSS_PAP_FAST=0 ECO_MONO_LSS_FLAT_PEEL=0 ECO_MONO_LSS_INSTANCE_QUAL=0 ECO_MONO_LSS_STAGE_ANCHOR_DEMAND_FILL=0 ECO_MONO_LSS_STAGE_ANCHOR_ROW_FILL=0 ECO_MONO_LSS_FLOW_CONNECT=0 ECO_MONO_LSS_VAR_LAMBDA=0 ECO_MONO_LSS_VAR_CTOR_ROWS=0 ECO_MONO_LSS_VAR_SUCC=0 ECO_MONO_LSS_DESTR_ANNO=0 ECO_MONO_LSS_RS_TOP=0 ECO_MONO_LSS_ARG_POINTS=0 ECO_MONO_LSS_INJ_TOTAL=0 ECO_MONO_LSS_REF_PAP_SPINE=0 ECO_MONO_LSS_ROOT_FOLD=0 ECO_MONO_LSS_REG_IDENTITY=0 ECO_MONO_LSS_SIG_ROOT_ID=0 ECO_MONO_LSS_PAP_MEMBERS=0 ECO_MONO_LSS_REF_IDENTITY=0 ECO_MONO_LSS_QSOLVE=0 ECO_MONO_LSS_ARROW_ROOTS=0 ECO_MONO_LSS_ARROW_ID=0 ECO_MONO_LSS_DEVIRT_POST=0
12	postSettleDevirt	optimized	i12-opt	6:28.96	11799.0	1731	8	21515	ECO_MONO_LSS_PAP_FAST=0 ECO_MONO_LSS_FLAT_PEEL=0 ECO_MONO_LSS_INSTANCE_QUAL=0 ECO_MONO_LSS_STAGE_ANCHOR_DEMAND_FILL=0 ECO_MONO_LSS_STAGE_ANCHOR_ROW_FILL=0 ECO_MONO_LSS_FLOW_CONNECT=0 ECO_MONO_LSS_VAR_LAMBDA=0 ECO_MONO_LSS_VAR_CTOR_ROWS=0 ECO_MONO_LSS_VAR_SUCC=0 ECO_MONO_LSS_DESTR_ANNO=0 ECO_MONO_LSS_RS_TOP=0 ECO_MONO_LSS_ARG_POINTS=0 ECO_MONO_LSS_INJ_TOTAL=0 ECO_MONO_LSS_REF_PAP_SPINE=0 ECO_MONO_LSS_ROOT_FOLD=0 ECO_MONO_LSS_REG_IDENTITY=0 ECO_MONO_LSS_SIG_ROOT_ID=0 ECO_MONO_LSS_PAP_MEMBERS=0 ECO_MONO_LSS_REF_IDENTITY=0 ECO_MONO_LSS_QSOLVE=0 ECO_MONO_LSS_ARROW_ROOTS=0 ECO_MONO_LSS_ARROW_ID=0 ECO_MONO_LSS_DEVIRT_POST=0
11	layoutQualMembers	standard	i11-std	6:51.02	11018.0	1721	9	21201	ECO_MONO_LSS_PAP_FAST=0 ECO_MONO_LSS_FLAT_PEEL=0 ECO_MONO_LSS_INSTANCE_QUAL=0 ECO_MONO_LSS_STAGE_ANCHOR_DEMAND_FILL=0 ECO_MONO_LSS_STAGE_ANCHOR_ROW_FILL=0 ECO_MONO_LSS_FLOW_CONNECT=0 ECO_MONO_LSS_VAR_LAMBDA=0 ECO_MONO_LSS_VAR_CTOR_ROWS=0 ECO_MONO_LSS_VAR_SUCC=0 ECO_MONO_LSS_DESTR_ANNO=0 ECO_MONO_LSS_RS_TOP=0 ECO_MONO_LSS_ARG_POINTS=0 ECO_MONO_LSS_INJ_TOTAL=0 ECO_MONO_LSS_REF_PAP_SPINE=0 ECO_MONO_LSS_ROOT_FOLD=0 ECO_MONO_LSS_REG_IDENTITY=0 ECO_MONO_LSS_SIG_ROOT_ID=0 ECO_MONO_LSS_PAP_MEMBERS=0 ECO_MONO_LSS_REF_IDENTITY=0 ECO_MONO_LSS_QSOLVE=0 ECO_MONO_LSS_ARROW_ROOTS=0 ECO_MONO_LSS_ARROW_ID=0 ECO_MONO_LSS_DEVIRT_POST=0 ECO_MONO_LSS_LAYOUT_QUAL=0
11	layoutQualMembers	optimized	i11-opt	6:17.41	10974.8	1716	9	21235	ECO_MONO_LSS_PAP_FAST=0 ECO_MONO_LSS_FLAT_PEEL=0 ECO_MONO_LSS_INSTANCE_QUAL=0 ECO_MONO_LSS_STAGE_ANCHOR_DEMAND_FILL=0 ECO_MONO_LSS_STAGE_ANCHOR_ROW_FILL=0 ECO_MONO_LSS_FLOW_CONNECT=0 ECO_MONO_LSS_VAR_LAMBDA=0 ECO_MONO_LSS_VAR_CTOR_ROWS=0 ECO_MONO_LSS_VAR_SUCC=0 ECO_MONO_LSS_DESTR_ANNO=0 ECO_MONO_LSS_RS_TOP=0 ECO_MONO_LSS_ARG_POINTS=0 ECO_MONO_LSS_INJ_TOTAL=0 ECO_MONO_LSS_REF_PAP_SPINE=0 ECO_MONO_LSS_ROOT_FOLD=0 ECO_MONO_LSS_REG_IDENTITY=0 ECO_MONO_LSS_SIG_ROOT_ID=0 ECO_MONO_LSS_PAP_MEMBERS=0 ECO_MONO_LSS_REF_IDENTITY=0 ECO_MONO_LSS_QSOLVE=0 ECO_MONO_LSS_ARROW_ROOTS=0 ECO_MONO_LSS_ARROW_ID=0 ECO_MONO_LSS_DEVIRT_POST=0 ECO_MONO_LSS_LAYOUT_QUAL=0
10	sigFlow	standard	i10-std	6:44.90	11020.8	1705	9	21200	ECO_MONO_LSS_PAP_FAST=0 ECO_MONO_LSS_FLAT_PEEL=0 ECO_MONO_LSS_INSTANCE_QUAL=0 ECO_MONO_LSS_STAGE_ANCHOR_DEMAND_FILL=0 ECO_MONO_LSS_STAGE_ANCHOR_ROW_FILL=0 ECO_MONO_LSS_FLOW_CONNECT=0 ECO_MONO_LSS_VAR_LAMBDA=0 ECO_MONO_LSS_VAR_CTOR_ROWS=0 ECO_MONO_LSS_VAR_SUCC=0 ECO_MONO_LSS_DESTR_ANNO=0 ECO_MONO_LSS_RS_TOP=0 ECO_MONO_LSS_ARG_POINTS=0 ECO_MONO_LSS_INJ_TOTAL=0 ECO_MONO_LSS_REF_PAP_SPINE=0 ECO_MONO_LSS_ROOT_FOLD=0 ECO_MONO_LSS_REG_IDENTITY=0 ECO_MONO_LSS_SIG_ROOT_ID=0 ECO_MONO_LSS_PAP_MEMBERS=0 ECO_MONO_LSS_REF_IDENTITY=0 ECO_MONO_LSS_QSOLVE=0 ECO_MONO_LSS_ARROW_ROOTS=0 ECO_MONO_LSS_ARROW_ID=0 ECO_MONO_LSS_DEVIRT_POST=0 ECO_MONO_LSS_LAYOUT_QUAL=0 ECO_MONO_LSS_SIG_FLOW=0
10	sigFlow	optimized	i10-opt	6:18.86	10951.4	1700	9	21230	ECO_MONO_LSS_PAP_FAST=0 ECO_MONO_LSS_FLAT_PEEL=0 ECO_MONO_LSS_INSTANCE_QUAL=0 ECO_MONO_LSS_STAGE_ANCHOR_DEMAND_FILL=0 ECO_MONO_LSS_STAGE_ANCHOR_ROW_FILL=0 ECO_MONO_LSS_FLOW_CONNECT=0 ECO_MONO_LSS_VAR_LAMBDA=0 ECO_MONO_LSS_VAR_CTOR_ROWS=0 ECO_MONO_LSS_VAR_SUCC=0 ECO_MONO_LSS_DESTR_ANNO=0 ECO_MONO_LSS_RS_TOP=0 ECO_MONO_LSS_ARG_POINTS=0 ECO_MONO_LSS_INJ_TOTAL=0 ECO_MONO_LSS_REF_PAP_SPINE=0 ECO_MONO_LSS_ROOT_FOLD=0 ECO_MONO_LSS_REG_IDENTITY=0 ECO_MONO_LSS_SIG_ROOT_ID=0 ECO_MONO_LSS_PAP_MEMBERS=0 ECO_MONO_LSS_REF_IDENTITY=0 ECO_MONO_LSS_QSOLVE=0 ECO_MONO_LSS_ARROW_ROOTS=0 ECO_MONO_LSS_ARROW_ID=0 ECO_MONO_LSS_DEVIRT_POST=0 ECO_MONO_LSS_LAYOUT_QUAL=0 ECO_MONO_LSS_SIG_FLOW=0
9	groundStandalones	standard	i9-std	6:39.99	10974.8	1705	9	21190	ECO_MONO_LSS_PAP_FAST=0 ECO_MONO_LSS_FLAT_PEEL=0 ECO_MONO_LSS_INSTANCE_QUAL=0 ECO_MONO_LSS_STAGE_ANCHOR_DEMAND_FILL=0 ECO_MONO_LSS_STAGE_ANCHOR_ROW_FILL=0 ECO_MONO_LSS_FLOW_CONNECT=0 ECO_MONO_LSS_VAR_LAMBDA=0 ECO_MONO_LSS_VAR_CTOR_ROWS=0 ECO_MONO_LSS_VAR_SUCC=0 ECO_MONO_LSS_DESTR_ANNO=0 ECO_MONO_LSS_RS_TOP=0 ECO_MONO_LSS_ARG_POINTS=0 ECO_MONO_LSS_INJ_TOTAL=0 ECO_MONO_LSS_REF_PAP_SPINE=0 ECO_MONO_LSS_ROOT_FOLD=0 ECO_MONO_LSS_REG_IDENTITY=0 ECO_MONO_LSS_SIG_ROOT_ID=0 ECO_MONO_LSS_PAP_MEMBERS=0 ECO_MONO_LSS_REF_IDENTITY=0 ECO_MONO_LSS_QSOLVE=0 ECO_MONO_LSS_ARROW_ROOTS=0 ECO_MONO_LSS_ARROW_ID=0 ECO_MONO_LSS_DEVIRT_POST=0 ECO_MONO_LSS_LAYOUT_QUAL=0 ECO_MONO_LSS_SIG_FLOW=0 ECO_MONO_LSS_GROUND=0
9	groundStandalones	optimized	i9-opt	6:21.61	10927.2	1700	9	21231	ECO_MONO_LSS_PAP_FAST=0 ECO_MONO_LSS_FLAT_PEEL=0 ECO_MONO_LSS_INSTANCE_QUAL=0 ECO_MONO_LSS_STAGE_ANCHOR_DEMAND_FILL=0 ECO_MONO_LSS_STAGE_ANCHOR_ROW_FILL=0 ECO_MONO_LSS_FLOW_CONNECT=0 ECO_MONO_LSS_VAR_LAMBDA=0 ECO_MONO_LSS_VAR_CTOR_ROWS=0 ECO_MONO_LSS_VAR_SUCC=0 ECO_MONO_LSS_DESTR_ANNO=0 ECO_MONO_LSS_RS_TOP=0 ECO_MONO_LSS_ARG_POINTS=0 ECO_MONO_LSS_INJ_TOTAL=0 ECO_MONO_LSS_REF_PAP_SPINE=0 ECO_MONO_LSS_ROOT_FOLD=0 ECO_MONO_LSS_REG_IDENTITY=0 ECO_MONO_LSS_SIG_ROOT_ID=0 ECO_MONO_LSS_PAP_MEMBERS=0 ECO_MONO_LSS_REF_IDENTITY=0 ECO_MONO_LSS_QSOLVE=0 ECO_MONO_LSS_ARROW_ROOTS=0 ECO_MONO_LSS_ARROW_ID=0 ECO_MONO_LSS_DEVIRT_POST=0 ECO_MONO_LSS_LAYOUT_QUAL=0 ECO_MONO_LSS_SIG_FLOW=0 ECO_MONO_LSS_GROUND=0
8	muTie	standard	i8-std	6:41.49	10985.8	1705	9	21190	ECO_MONO_LSS_PAP_FAST=0 ECO_MONO_LSS_FLAT_PEEL=0 ECO_MONO_LSS_INSTANCE_QUAL=0 ECO_MONO_LSS_STAGE_ANCHOR_DEMAND_FILL=0 ECO_MONO_LSS_STAGE_ANCHOR_ROW_FILL=0 ECO_MONO_LSS_FLOW_CONNECT=0 ECO_MONO_LSS_VAR_LAMBDA=0 ECO_MONO_LSS_VAR_CTOR_ROWS=0 ECO_MONO_LSS_VAR_SUCC=0 ECO_MONO_LSS_DESTR_ANNO=0 ECO_MONO_LSS_RS_TOP=0 ECO_MONO_LSS_ARG_POINTS=0 ECO_MONO_LSS_INJ_TOTAL=0 ECO_MONO_LSS_REF_PAP_SPINE=0 ECO_MONO_LSS_ROOT_FOLD=0 ECO_MONO_LSS_REG_IDENTITY=0 ECO_MONO_LSS_SIG_ROOT_ID=0 ECO_MONO_LSS_PAP_MEMBERS=0 ECO_MONO_LSS_REF_IDENTITY=0 ECO_MONO_LSS_QSOLVE=0 ECO_MONO_LSS_ARROW_ROOTS=0 ECO_MONO_LSS_ARROW_ID=0 ECO_MONO_LSS_DEVIRT_POST=0 ECO_MONO_LSS_LAYOUT_QUAL=0 ECO_MONO_LSS_SIG_FLOW=0 ECO_MONO_LSS_GROUND=0 ECO_MONO_LSS_MU_TIE=0
8	muTie	optimized	i8-opt	6:17.94	10921.4	1700	9	21228	ECO_MONO_LSS_PAP_FAST=0 ECO_MONO_LSS_FLAT_PEEL=0 ECO_MONO_LSS_INSTANCE_QUAL=0 ECO_MONO_LSS_STAGE_ANCHOR_DEMAND_FILL=0 ECO_MONO_LSS_STAGE_ANCHOR_ROW_FILL=0 ECO_MONO_LSS_FLOW_CONNECT=0 ECO_MONO_LSS_VAR_LAMBDA=0 ECO_MONO_LSS_VAR_CTOR_ROWS=0 ECO_MONO_LSS_VAR_SUCC=0 ECO_MONO_LSS_DESTR_ANNO=0 ECO_MONO_LSS_RS_TOP=0 ECO_MONO_LSS_ARG_POINTS=0 ECO_MONO_LSS_INJ_TOTAL=0 ECO_MONO_LSS_REF_PAP_SPINE=0 ECO_MONO_LSS_ROOT_FOLD=0 ECO_MONO_LSS_REG_IDENTITY=0 ECO_MONO_LSS_SIG_ROOT_ID=0 ECO_MONO_LSS_PAP_MEMBERS=0 ECO_MONO_LSS_REF_IDENTITY=0 ECO_MONO_LSS_QSOLVE=0 ECO_MONO_LSS_ARROW_ROOTS=0 ECO_MONO_LSS_ARROW_ID=0 ECO_MONO_LSS_DEVIRT_POST=0 ECO_MONO_LSS_LAYOUT_QUAL=0 ECO_MONO_LSS_SIG_FLOW=0 ECO_MONO_LSS_GROUND=0 ECO_MONO_LSS_MU_TIE=0
6	devirtFnGlobals	standard	i6-std	6:45.44	10977.3	1697	9	21196	ECO_MONO_LSS_PAP_FAST=0 ECO_MONO_LSS_FLAT_PEEL=0 ECO_MONO_LSS_INSTANCE_QUAL=0 ECO_MONO_LSS_STAGE_ANCHOR_DEMAND_FILL=0 ECO_MONO_LSS_STAGE_ANCHOR_ROW_FILL=0 ECO_MONO_LSS_FLOW_CONNECT=0 ECO_MONO_LSS_VAR_LAMBDA=0 ECO_MONO_LSS_VAR_CTOR_ROWS=0 ECO_MONO_LSS_VAR_SUCC=0 ECO_MONO_LSS_DESTR_ANNO=0 ECO_MONO_LSS_RS_TOP=0 ECO_MONO_LSS_ARG_POINTS=0 ECO_MONO_LSS_INJ_TOTAL=0 ECO_MONO_LSS_REF_PAP_SPINE=0 ECO_MONO_LSS_ROOT_FOLD=0 ECO_MONO_LSS_REG_IDENTITY=0 ECO_MONO_LSS_SIG_ROOT_ID=0 ECO_MONO_LSS_PAP_MEMBERS=0 ECO_MONO_LSS_REF_IDENTITY=0 ECO_MONO_LSS_QSOLVE=0 ECO_MONO_LSS_ARROW_ROOTS=0 ECO_MONO_LSS_ARROW_ID=0 ECO_MONO_LSS_DEVIRT_POST=0 ECO_MONO_LSS_LAYOUT_QUAL=0 ECO_MONO_LSS_SIG_FLOW=0 ECO_MONO_LSS_GROUND=0 ECO_MONO_LSS_MU_TIE=0 ECO_MONO_LSS_SPINE_ARITY=0 ECO_MONO_LSS_DEVIRT_FN=0
6	devirtFnGlobals	optimized	i6-opt	6:21.15	10967.6	1694	9	21178	ECO_MONO_LSS_PAP_FAST=0 ECO_MONO_LSS_FLAT_PEEL=0 ECO_MONO_LSS_INSTANCE_QUAL=0 ECO_MONO_LSS_STAGE_ANCHOR_DEMAND_FILL=0 ECO_MONO_LSS_STAGE_ANCHOR_ROW_FILL=0 ECO_MONO_LSS_FLOW_CONNECT=0 ECO_MONO_LSS_VAR_LAMBDA=0 ECO_MONO_LSS_VAR_CTOR_ROWS=0 ECO_MONO_LSS_VAR_SUCC=0 ECO_MONO_LSS_DESTR_ANNO=0 ECO_MONO_LSS_RS_TOP=0 ECO_MONO_LSS_ARG_POINTS=0 ECO_MONO_LSS_INJ_TOTAL=0 ECO_MONO_LSS_REF_PAP_SPINE=0 ECO_MONO_LSS_ROOT_FOLD=0 ECO_MONO_LSS_REG_IDENTITY=0 ECO_MONO_LSS_SIG_ROOT_ID=0 ECO_MONO_LSS_PAP_MEMBERS=0 ECO_MONO_LSS_REF_IDENTITY=0 ECO_MONO_LSS_QSOLVE=0 ECO_MONO_LSS_ARROW_ROOTS=0 ECO_MONO_LSS_ARROW_ID=0 ECO_MONO_LSS_DEVIRT_POST=0 ECO_MONO_LSS_LAYOUT_QUAL=0 ECO_MONO_LSS_SIG_FLOW=0 ECO_MONO_LSS_GROUND=0 ECO_MONO_LSS_MU_TIE=0 ECO_MONO_LSS_SPINE_ARITY=0 ECO_MONO_LSS_DEVIRT_FN=0
5	keyedGlobals	standard	i5-std	6:42.77	10978.0	1697	9	21196	ECO_MONO_LSS_PAP_FAST=0 ECO_MONO_LSS_FLAT_PEEL=0 ECO_MONO_LSS_INSTANCE_QUAL=0 ECO_MONO_LSS_STAGE_ANCHOR_DEMAND_FILL=0 ECO_MONO_LSS_STAGE_ANCHOR_ROW_FILL=0 ECO_MONO_LSS_FLOW_CONNECT=0 ECO_MONO_LSS_VAR_LAMBDA=0 ECO_MONO_LSS_VAR_CTOR_ROWS=0 ECO_MONO_LSS_VAR_SUCC=0 ECO_MONO_LSS_DESTR_ANNO=0 ECO_MONO_LSS_RS_TOP=0 ECO_MONO_LSS_ARG_POINTS=0 ECO_MONO_LSS_INJ_TOTAL=0 ECO_MONO_LSS_REF_PAP_SPINE=0 ECO_MONO_LSS_ROOT_FOLD=0 ECO_MONO_LSS_REG_IDENTITY=0 ECO_MONO_LSS_SIG_ROOT_ID=0 ECO_MONO_LSS_PAP_MEMBERS=0 ECO_MONO_LSS_REF_IDENTITY=0 ECO_MONO_LSS_QSOLVE=0 ECO_MONO_LSS_ARROW_ROOTS=0 ECO_MONO_LSS_ARROW_ID=0 ECO_MONO_LSS_DEVIRT_POST=0 ECO_MONO_LSS_LAYOUT_QUAL=0 ECO_MONO_LSS_SIG_FLOW=0 ECO_MONO_LSS_GROUND=0 ECO_MONO_LSS_MU_TIE=0 ECO_MONO_LSS_SPINE_ARITY=0 ECO_MONO_LSS_DEVIRT_FN=0 ECO_MONO_LSS_KEYED_GLOBALS=
5	keyedGlobals	optimized	i5-opt	6:31.56	10922.4	1694	9	21178	ECO_MONO_LSS_PAP_FAST=0 ECO_MONO_LSS_FLAT_PEEL=0 ECO_MONO_LSS_INSTANCE_QUAL=0 ECO_MONO_LSS_STAGE_ANCHOR_DEMAND_FILL=0 ECO_MONO_LSS_STAGE_ANCHOR_ROW_FILL=0 ECO_MONO_LSS_FLOW_CONNECT=0 ECO_MONO_LSS_VAR_LAMBDA=0 ECO_MONO_LSS_VAR_CTOR_ROWS=0 ECO_MONO_LSS_VAR_SUCC=0 ECO_MONO_LSS_DESTR_ANNO=0 ECO_MONO_LSS_RS_TOP=0 ECO_MONO_LSS_ARG_POINTS=0 ECO_MONO_LSS_INJ_TOTAL=0 ECO_MONO_LSS_REF_PAP_SPINE=0 ECO_MONO_LSS_ROOT_FOLD=0 ECO_MONO_LSS_REG_IDENTITY=0 ECO_MONO_LSS_SIG_ROOT_ID=0 ECO_MONO_LSS_PAP_MEMBERS=0 ECO_MONO_LSS_REF_IDENTITY=0 ECO_MONO_LSS_QSOLVE=0 ECO_MONO_LSS_ARROW_ROOTS=0 ECO_MONO_LSS_ARROW_ID=0 ECO_MONO_LSS_DEVIRT_POST=0 ECO_MONO_LSS_LAYOUT_QUAL=0 ECO_MONO_LSS_SIG_FLOW=0 ECO_MONO_LSS_GROUND=0 ECO_MONO_LSS_MU_TIE=0 ECO_MONO_LSS_SPINE_ARITY=0 ECO_MONO_LSS_DEVIRT_FN=0 ECO_MONO_LSS_KEYED_GLOBALS=
3	keyed	standard	i3-std	6:28.46	10972.7	1643	9	21015	ECO_MONO_LSS_PAP_FAST=0 ECO_MONO_LSS_FLAT_PEEL=0 ECO_MONO_LSS_INSTANCE_QUAL=0 ECO_MONO_LSS_STAGE_ANCHOR_DEMAND_FILL=0 ECO_MONO_LSS_STAGE_ANCHOR_ROW_FILL=0 ECO_MONO_LSS_FLOW_CONNECT=0 ECO_MONO_LSS_VAR_LAMBDA=0 ECO_MONO_LSS_VAR_CTOR_ROWS=0 ECO_MONO_LSS_VAR_SUCC=0 ECO_MONO_LSS_DESTR_ANNO=0 ECO_MONO_LSS_RS_TOP=0 ECO_MONO_LSS_ARG_POINTS=0 ECO_MONO_LSS_INJ_TOTAL=0 ECO_MONO_LSS_REF_PAP_SPINE=0 ECO_MONO_LSS_ROOT_FOLD=0 ECO_MONO_LSS_REG_IDENTITY=0 ECO_MONO_LSS_SIG_ROOT_ID=0 ECO_MONO_LSS_PAP_MEMBERS=0 ECO_MONO_LSS_REF_IDENTITY=0 ECO_MONO_LSS_QSOLVE=0 ECO_MONO_LSS_ARROW_ROOTS=0 ECO_MONO_LSS_ARROW_ID=0 ECO_MONO_LSS_DEVIRT_POST=0 ECO_MONO_LSS_LAYOUT_QUAL=0 ECO_MONO_LSS_SIG_FLOW=0 ECO_MONO_LSS_GROUND=0 ECO_MONO_LSS_MU_TIE=0 ECO_MONO_LSS_SPINE_ARITY=0 ECO_MONO_LSS_DEVIRT_FN=0 ECO_MONO_LSS_KEYED_GLOBALS= ECO_MONO_LSS=unkeyed
3	keyed	optimized	i3-opt	6:19.39	10945.7	1639	9	21004	ECO_MONO_LSS_PAP_FAST=0 ECO_MONO_LSS_FLAT_PEEL=0 ECO_MONO_LSS_INSTANCE_QUAL=0 ECO_MONO_LSS_STAGE_ANCHOR_DEMAND_FILL=0 ECO_MONO_LSS_STAGE_ANCHOR_ROW_FILL=0 ECO_MONO_LSS_FLOW_CONNECT=0 ECO_MONO_LSS_VAR_LAMBDA=0 ECO_MONO_LSS_VAR_CTOR_ROWS=0 ECO_MONO_LSS_VAR_SUCC=0 ECO_MONO_LSS_DESTR_ANNO=0 ECO_MONO_LSS_RS_TOP=0 ECO_MONO_LSS_ARG_POINTS=0 ECO_MONO_LSS_INJ_TOTAL=0 ECO_MONO_LSS_REF_PAP_SPINE=0 ECO_MONO_LSS_ROOT_FOLD=0 ECO_MONO_LSS_REG_IDENTITY=0 ECO_MONO_LSS_SIG_ROOT_ID=0 ECO_MONO_LSS_PAP_MEMBERS=0 ECO_MONO_LSS_REF_IDENTITY=0 ECO_MONO_LSS_QSOLVE=0 ECO_MONO_LSS_ARROW_ROOTS=0 ECO_MONO_LSS_ARROW_ID=0 ECO_MONO_LSS_DEVIRT_POST=0 ECO_MONO_LSS_LAYOUT_QUAL=0 ECO_MONO_LSS_SIG_FLOW=0 ECO_MONO_LSS_GROUND=0 ECO_MONO_LSS_MU_TIE=0 ECO_MONO_LSS_SPINE_ARITY=0 ECO_MONO_LSS_DEVIRT_FN=0 ECO_MONO_LSS_KEYED_GLOBALS= ECO_MONO_LSS=unkeyed
1	enabled	standard	i1-std	5:36.16	10199.8	1414	8	20107	ECO_MONO_LSS_PAP_FAST=0 ECO_MONO_LSS_FLAT_PEEL=0 ECO_MONO_LSS_INSTANCE_QUAL=0 ECO_MONO_LSS_STAGE_ANCHOR_DEMAND_FILL=0 ECO_MONO_LSS_STAGE_ANCHOR_ROW_FILL=0 ECO_MONO_LSS_FLOW_CONNECT=0 ECO_MONO_LSS_VAR_LAMBDA=0 ECO_MONO_LSS_VAR_CTOR_ROWS=0 ECO_MONO_LSS_VAR_SUCC=0 ECO_MONO_LSS_DESTR_ANNO=0 ECO_MONO_LSS_RS_TOP=0 ECO_MONO_LSS_ARG_POINTS=0 ECO_MONO_LSS_INJ_TOTAL=0 ECO_MONO_LSS_REF_PAP_SPINE=0 ECO_MONO_LSS_ROOT_FOLD=0 ECO_MONO_LSS_REG_IDENTITY=0 ECO_MONO_LSS_SIG_ROOT_ID=0 ECO_MONO_LSS_PAP_MEMBERS=0 ECO_MONO_LSS_REF_IDENTITY=0 ECO_MONO_LSS_QSOLVE=0 ECO_MONO_LSS_ARROW_ROOTS=0 ECO_MONO_LSS_ARROW_ID=0 ECO_MONO_LSS_DEVIRT_POST=0 ECO_MONO_LSS_LAYOUT_QUAL=0 ECO_MONO_LSS_SIG_FLOW=0 ECO_MONO_LSS_GROUND=0 ECO_MONO_LSS_MU_TIE=0 ECO_MONO_LSS_SPINE_ARITY=0 ECO_MONO_LSS_DEVIRT_FN=0 ECO_MONO_LSS_KEYED_GLOBALS= ECO_MONO_LSS=unkeyed ECO_MONO_LSS=0
1	enabled	optimized	i1-opt	5:32.47	10184.7	1411	8	20110	ECO_MONO_LSS_PAP_FAST=0 ECO_MONO_LSS_FLAT_PEEL=0 ECO_MONO_LSS_INSTANCE_QUAL=0 ECO_MONO_LSS_STAGE_ANCHOR_DEMAND_FILL=0 ECO_MONO_LSS_STAGE_ANCHOR_ROW_FILL=0 ECO_MONO_LSS_FLOW_CONNECT=0 ECO_MONO_LSS_VAR_LAMBDA=0 ECO_MONO_LSS_VAR_CTOR_ROWS=0 ECO_MONO_LSS_VAR_SUCC=0 ECO_MONO_LSS_DESTR_ANNO=0 ECO_MONO_LSS_RS_TOP=0 ECO_MONO_LSS_ARG_POINTS=0 ECO_MONO_LSS_INJ_TOTAL=0 ECO_MONO_LSS_REF_PAP_SPINE=0 ECO_MONO_LSS_ROOT_FOLD=0 ECO_MONO_LSS_REG_IDENTITY=0 ECO_MONO_LSS_SIG_ROOT_ID=0 ECO_MONO_LSS_PAP_MEMBERS=0 ECO_MONO_LSS_REF_IDENTITY=0 ECO_MONO_LSS_QSOLVE=0 ECO_MONO_LSS_ARROW_ROOTS=0 ECO_MONO_LSS_ARROW_ID=0 ECO_MONO_LSS_DEVIRT_POST=0 ECO_MONO_LSS_LAYOUT_QUAL=0 ECO_MONO_LSS_SIG_FLOW=0 ECO_MONO_LSS_GROUND=0 ECO_MONO_LSS_MU_TIE=0 ECO_MONO_LSS_SPINE_ARITY=0 ECO_MONO_LSS_DEVIRT_FN=0 ECO_MONO_LSS_KEYED_GLOBALS= ECO_MONO_LSS=unkeyed ECO_MONO_LSS=0
35	<none>	standard	i35-std	7:40.24	12383.3	1864	8	21694	<defaults>
35	<none>	optimized	i35-opt	6:50.93	12440.5	1857	8	21811	<defaults>
