iter	flag	tag	wall	rss_mb	minor_gc	major_gc	promoted_mib	out_bytes	vs_base	positions	k1	kN	var	top	part	coverage	dispatchUpgraded	stampedPapGlobal	stampedStaged	stampedPapPrefix	noInstance	blocked	shape	abiMismatch	bodyMismatch	multiInst	devirtPost	sat	gen	typed	fast	distinct	off_switch
base	<none>	fbase	8:56.71	14599.3	2290	10	23974	13458106	(baseline)	149057	145053	2586	572	813	33	99.05	17318	3331	208	9	9810	7	524	351	1415	1762	65/323/0/0	929988287	836492354	93495933	1035778158	7035	
32	stamp.rootFoldDepth	f32	8:58.27	14587.0	2303	10	24036	13615056	DIFFERS	149279	113110	34745	572	819	33	99.05	17718	3241	208	9	9828	7	697	351	1528	1923	65/323/0/0	933422474	839679810	93742664	1042917111	7035	ECO_MONO_LSS_ROOT_FOLD_DEPTH=0
31	stamp.useInjectPap	f31	8:52.09	14689.2	2287	10	23968	13458736	DIFFERS	149060	145015	2586	613	813	33	99.02	17317	3322	208	9	9808	7	524	351	1416	1765	65/323/0/0	925693832	833570629	92123203	1030355994	7004	ECO_MONO_LSS_INSTANCE_QUAL_USE_INJECT_PAP=0
30	flow.litFacts	f30	8:48.92	14701.2	2284	10	23933	13439912	DIFFERS	148933	144889	2586	609	816	33	99.02	17310	3332	208	9	9785	7	524	351	1398	1751	65/323/0/0	926293913	832923387	93370526	1033350928	6998	ECO_MONO_LSS_FLOW_LIT_FACTS=0
29	flow.accessFlow	f29	8:50.26	14649.2	2282	10	23905	13451332	DIFFERS	149027	145010	2586	587	811	33	99.04	17313	3331	208	9	9801	7	536	351	1398	1754	65/319/0/0	924880947	832491716	92389231	1028439262	7007	ECO_MONO_LSS_FLOW_ACCESS_FLOW=0
28	flow.letOverlay	f28	8:52.59	14665.4	2289	10	23911	13458106	same	149057	145053	2586	566	819	33	99.05	17318	3331	208	9	9810	7	524	351	1415	1762	65/323/0/0	928854151	836077809	92776342	1032883101	7034	ECO_MONO_LSS_FLOW_LET_OVERLAY=0
27	stamp.useInject	f27	8:55.11	14729.5	2290	10	23950	13443643	DIFFERS	148895	144153	2582	1074	1053	33	98.55	16732	3346	205	9	9638	7	660	356	1386	1767	65/323/0/0	929819050	836331289	93487761	1035602265	7001	ECO_MONO_LSS_INSTANCE_QUAL_USE_INJECT=0
26	stamp.papFast	f26	8:50.98	14716.1	2290	10	23976	13427443	DIFFERS	149057	145053	2586	572	813	33	99.05	17318	0	208	9	13141	7	524	351	1415	1762	65/323/0/0	930191751	836695818	93495933	1036746322	7006	ECO_MONO_LSS_PAP_FAST=0
25	stamp.flatPeel	f25	8:56.09	14658.9	2290	10	23957	13415544	DIFFERS	149057	145053	2586	572	813	33	99.05	5579	3331	208	9	9811	7	13953	9	67	1762	65/322/0/0	929508432	836012499	93495933	1035591620	7006	ECO_MONO_LSS_FLAT_PEEL=0
24	instanceQual	f24	8:53.81	14729.2	2290	10	23985	13452000	DIFFERS	148928	144924	2586	572	813	33	99.05	17296	3335	208	9	9793	7	521	355	1412	1768	65/323/0/0	929872701	836400289	93472412	1035672272	7035	ECO_MONO_LSS_INSTANCE_QUAL=0
23	flow.connect	f23	8:32.06	14743.5	2239	10	23984	13458106	same	149057	145039	2597	599	794	28	99.05	17318	3331	208	9	9810	7	524	351	1415	1762	65/323/0/0	897362305	808926687	88435618	998228068	7001	ECO_MONO_LSS_FLOW_CONNECT=0
22	settle.varLambda	f22	9:00.64	14729.7	2286	10	23971	13458106	same	149057	145046	2586	579	813	33	99.04	17318	3331	208	9	9810	7	524	351	1415	1762	65/323/0/0	924258721	832140484	92118237	1027700421	6998	ECO_MONO_LSS_VAR_LAMBDA=0
21	settle.varCtorRows	f21	8:48.37	14546.7	2288	10	23978	13458106	same	149057	145053	2573	585	813	33	99.04	17318	3331	208	9	9810	7	524	351	1415	1762	65/323/0/0	928253365	835154686	93098679	1035013787	6987	ECO_MONO_LSS_VAR_CTOR_ROWS=0
20	settle.varSucc	f20	8:55.15	14643.8	2280	10	23957	13458106	same	149057	145046	2586	579	813	33	99.04	17318	3331	208	9	9810	7	524	351	1415	1762	65/323/0/0	917076193	827710046	89366147	1019494689	7029	ECO_MONO_LSS_VAR_SUCC=0
19	destrAnno	f19	8:33.84	14717.4	2140	10	23968	13451802	DIFFERS	149017	145422	1021	572	1969	33	98.27	17318	3315	208	9	9797	7	524	351	1408	1753	65/323/0/0	928943105	835498157	93444948	1029550346	6996	ECO_MONO_LSS_DESTR_ANNO=0
18	rsTop	f18	8:58.66	14690.9	2290	10	23976	13458106	same	149057	143006	2565	572	2881	33	97.66	17318	3331	208	9	9810	7	524	351	1415	1762	65/323/0/0	929909384	836414260	93495124	1035748745	7002	ECO_MONO_LSS_RS_TOP=0
17	injTotal	f17	8:48.23	14679.7	2287	10	23983	13455974	DIFFERS	149031	143559	2548	1022	824	1078	98.04	17318	3309	208	9	9778	7	524	351	1415	1761	65/323/0/0	926737845	834508643	92229202	1030530413	7004	ECO_MONO_LSS_INJ_TOTAL=0
16	refPapSpine	f16	8:51.96	14733.7	2288	10	23974	13462744	DIFFERS	148972	131053	3390	13404	1094	31	90.25	17337	3283	208	10	9835	7	521	351	1415	1777	67/309/0/14	933883900	838864289	95019611	1040613741	7035	ECO_MONO_LSS_REF_PAP_SPINE=0
15	rootFold	f15	8:58.09	14883.2	2309	10	23947	13769831	DIFFERS	149878	85398	63050	573	824	33	99.05	12371	3238	206	9	16311	8	79	352	1228	2296	115/323/0/19	930332824	839754811	90578013	1036275302	7006	ECO_MONO_LSS_ROOT_FOLD=0
14	regIdentity	f14	8:46.65	14159.9	2305	10	23910	13671923	DIFFERS	150895	72800	4361	19131	11333	43270	51.14	17397	2435	208	9	10831	8	524	351	1415	2374	67/312/0/11	915537238	837059816	78477422	1016864221	7005	ECO_MONO_LSS_REG_IDENTITY=0
13	papMembers	f13	8:48.45	14575.7	2270	10	23875	13397434	DIFFERS	148537	140711	2279	4375	1144	28	96.27	17352	445	208	12	9289	57	523	353	1402	1692	62/323/0/0	915078198	822537648	92540550	1022659293	7003	ECO_MONO_LSS_PAP_MEMBERS=0
12	refIdentity	f12	8:20.78	14415.3	2099	10	23678	13232460	DIFFERS	141865	136478	1455	542	3388	2	97.23	15721	3363	208	9	1889	3	490	351	1379	1811	19/316/0/0	916978349	827131802	89846547	1007931171	7035	ECO_MONO_LSS_REF_IDENTITY=0
11	arrowSolverRoots	f11	8:53.23	14646.9	2277	10	23942	13449248	DIFFERS	149027	145678	1811	840	666	32	98.97	14005	3359	208	12	8577	7	161	353	1174	1751	65/323/0/0	920697914	828016172	92681742	1028609267	7005	ECO_MONO_LSS_ARROW_ROOTS=0
10	arrowIdentity	f10	8:23.24	14466.0	2105	10	23829	13144959	DIFFERS	141840	117565	3075	20375	794	31	85.05	12362	1200	208	2	6837	19	128	353	1202	1584	60/314/0/0	905491639	814078160	91413479	1009738777	7003	ECO_MONO_LSS_ARROW_ID=0
9	postSettleDevirt	f9	8:59.01	14695.5	2289	10	23913	13425632	DIFFERS	149057	145053	2586	572	813	33	99.05	17318	0	208	9	13529	7	524	351	1415	1762	0/0/0/0	928346243	834850310	93495933	1034230490	6994	ECO_MONO_LSS_DEVIRT_POST=0
8	layoutQualMembers	f8	8:46.08	13766.3	2318	10	23651	14107982	DIFFERS	161690	133174	26976	577	916	47	99.05	18517	3349	258	13	15745	8	76	0	0	284	128/323/0/9	943742867	853532949	90209918	1029751328	7031	ECO_MONO_LSS_LAYOUT_QUAL=0
7	sigFlow	f7	9:05.54	14664.4	2360	10	24156	13589448	DIFFERS	150172	88286	60307	880	579	120	98.95	13854	832	211	9	46712	4	161	363	1278	2277	69/323/0/0	966868912	882389277	84479635	1060936541	6998	ECO_MONO_LSS_SIG_FLOW=0
6	groundStandalones	f6	8:29.48	14575.0	2146	10	23939	13625395	DIFFERS	149684	143459	4801	573	818	33	99.05	12359	3317	206	9	15784	8	76	352	1173	2170	115/323/0/19	929910062	837305103	92604959	1029340051	7006	ECO_MONO_LSS_GROUND=0
5	muTie	f5	8:43.90	14746.3	2290	10	23963	13458106	same	149057	145053	2586	572	813	33	99.05	17318	3331	208	9	9810	7	524	351	1415	1762	65/323/0/0	929988224	836492291	93495933	1034310578	7005	ECO_MONO_LSS_MU_TIE=0
4	devirtFnGlobals	f4	8:53.56	14770.2	2290	10	23988	13634838	DIFFERS	149053	145051	2587	571	811	33	99.05	19037	3319	208	9	9648	5	525	22	1780	1798	235/325/2/1	929942402	836504032	93438370	1036093425	7035	ECO_MONO_LSS_DEVIRT_FN=0
3	keyedGlobals	f3	8:52.49	14755.6	2290	10	23974	13458106	same	149057	145053	2586	572	813	33	99.05	17318	3331	208	9	9810	7	524	351	1415	1762	65/323/0/0	929988222	836492289	93495933	1035778134	7006	ECO_MONO_LSS_KEYED_GLOBALS=
2	keyed	f2	7:57.23	13252.3	2049	10	23317	12323490	DIFFERS	124961	100478	22747	395	1248	93	98.61	10930	3236	107	5	13400	7	50	238	862	862	428/521/0/0	839849755	766557977	73291778	945607497	6999	ECO_MONO_LSS=unkeyed
1	enabled	f1	5:47.39	11059.3	1573	10	21721	12284438	DIFFERS	121093	0	0	0	121093	0	0.00	0	0	0	0	0	0	0	0	0	846	0/0/0/0	541182112	516478979	24703133	661117974	6698	ECO_MONO_LSS=0
base	<none>	fbase	8:50.56	14658.9	2290	10	23974	13458106	(baseline)	149057	145053	2586	572	813	33	99.05	17318	3331	208	9	9810	7	524	351	1415	1762	65/323/0/0	929988287	836492354	93495933	1035778158	7035	
